filename	acq_time
eeg/sub-1_ses-0_task-imagery_run-0_eeg.edf	2016-07-21T12:23:26.999993Z
eeg/sub-1_ses-0_task-imagery_run-10_eeg.edf	2016-09-22T13:05:54.999992Z
eeg/sub-1_ses-0_task-imagery_run-1_eeg.edf	2016-07-21T12:49:54.999989Z
eeg/sub-1_ses-0_task-imagery_run-2_eeg.edf	2016-08-04T12:07:21.999996Z
eeg/sub-1_ses-0_task-imagery_run-3_eeg.edf	2016-08-04T12:21:01.999995Z
eeg/sub-1_ses-0_task-imagery_run-4_eeg.edf	2016-08-04T12:46:55.999994Z
eeg/sub-1_ses-0_task-imagery_run-5_eeg.edf	2016-08-04T12:57:30.999990Z
eeg/sub-1_ses-0_task-imagery_run-6_eeg.edf	2016-08-11T12:06:48.999994Z
eeg/sub-1_ses-0_task-imagery_run-7_eeg.edf	2016-08-11T12:45:49.999990Z
eeg/sub-1_ses-0_task-imagery_run-8_eeg.edf	2016-08-11T13:00:58.999988Z
eeg/sub-1_ses-0_task-imagery_run-9_eeg.edf	2016-09-22T12:58:39.999998Z
