name	x	y	z	material
Fz	-0.001229271161566281	0.09327445200029715	0.1026392934768164	Ag/AgCl
FC3	-0.06185233708120759	0.057133285360774055	0.09376582882952159	Ag/AgCl
FC1	-0.03571586037883836	0.06171405984105545	0.11798301537735345	Ag/AgCl
FCz	-0.0012714263028658717	0.0634597921290682	0.12657198384237103	Ag/AgCl
FC2	0.033130982370817734	0.06182848606183057	0.11678169813445419	Ag/AgCl
FC4	0.06062548180278077	0.05770742045738668	0.09379461804488001	Ag/AgCl
C3	-0.0671487229331174	0.023358230537446293	0.1045106810602483	Ag/AgCl
C1	-0.03793782383476591	0.0263374518138683	0.1297706088883019	Ag/AgCl
Cz	-0.0013741334028190722	0.027617093595102737	0.14019949417439556	Ag/AgCl
C2	0.03589271692022557	0.026358138278001507	0.12841234097161083	Ag/AgCl
C4	0.06532888071838541	0.023573104961569495	0.10369243420047652	Ag/AgCl
CP3	-0.06547223352095873	-0.011896603418787375	0.10777792004226631	Ag/AgCl
CP1	-0.03742512541749303	-0.0108242377168398	0.13344371157184132	Ag/AgCl
CPz	-0.0015249049095034388	-0.010518376385192287	0.1415491439762969	Ag/AgCl
CP2	0.036471959575241124	-0.010903791502932452	0.1328122726312171	Ag/AgCl
CP4	0.06469625505180063	-0.011991175153616248	0.1077128709239866	Ag/AgCl
