onset	duration	trial_type	value	sample
14.12109375	4.0	both_hands	2	7230
24.9375	4.0	rest	3	12768
35.6953125	4.0	both_hands	2	18276
45.90234375	4.0	both_feet	1	23502
56.1875	4.0	both_hands	2	28768
66.55078125	4.0	both_feet	1	34074
76.8671875	4.0	both_feet	1	39356
87.263671875	4.0	both_feet	1	44679
98.248046875	4.0	rest	3	50303
109.173828125	4.0	rest	3	55897
120.03515625	4.0	rest	3	61458
130.845703125	4.0	both_hands	2	66993
141.09375	4.0	both_feet	1	72240
151.423828125	4.0	both_hands	2	77529
162.193359375	4.0	both_hands	2	83043
172.55078125	4.0	rest	3	88346
182.849609375	4.0	both_hands	2	93619
193.73828125	4.0	both_hands	2	99194
204.05859375	4.0	both_feet	1	104478
214.470703125	4.0	both_feet	1	109809
225.322265625	4.0	rest	3	115365
236.115234375	4.0	both_hands	2	120891
246.49609375	4.0	rest	3	126206
256.81640625	4.0	both_feet	1	131490
267.72265625	4.0	rest	3	137074
278.072265625	4.0	both_hands	2	142373
288.501953125	4.0	both_hands	2	147713
299.37109375	4.0	both_hands	2	153278
310.18359375	4.0	both_hands	2	158814
320.583984375	4.0	rest	3	164139
330.919921875	4.0	both_hands	2	169431
341.841796875	4.0	rest	3	175023
352.205078125	4.0	both_hands	2	180329
362.65625	4.0	rest	3	185680
373.546875	4.0	rest	3	191256
384.38671875	4.0	rest	3	196806
395.162109375	4.0	rest	3	202323
406.021484375	4.0	both_feet	1	207883
416.82421875	4.0	rest	3	213414
427.072265625	4.0	both_feet	1	218661
437.90234375	4.0	both_feet	1	224206
448.677734375	4.0	both_feet	1	229723
458.890625	4.0	both_feet	1	234952
469.1875	4.0	both_feet	1	240224
479.572265625	4.0	both_feet	1	245541
