name	type	units	low_cutoff	high_cutoff	description	sampling_frequency	status	status_description
Fz	EEG	µV	0.0	256.0	ElectroEncephaloGram	512.0	good	n/a
FC3	EEG	µV	0.0	256.0	ElectroEncephaloGram	512.0	good	n/a
FC1	EEG	µV	0.0	256.0	ElectroEncephaloGram	512.0	good	n/a
FCz	EEG	µV	0.0	256.0	ElectroEncephaloGram	512.0	good	n/a
FC2	EEG	µV	0.0	256.0	ElectroEncephaloGram	512.0	good	n/a
FC4	EEG	µV	0.0	256.0	ElectroEncephaloGram	512.0	good	n/a
C3	EEG	µV	0.0	256.0	ElectroEncephaloGram	512.0	good	n/a
C1	EEG	µV	0.0	256.0	ElectroEncephaloGram	512.0	good	n/a
Cz	EEG	µV	0.0	256.0	ElectroEncephaloGram	512.0	good	n/a
C2	EEG	µV	0.0	256.0	ElectroEncephaloGram	512.0	good	n/a
C4	EEG	µV	0.0	256.0	ElectroEncephaloGram	512.0	good	n/a
CP3	EEG	µV	0.0	256.0	ElectroEncephaloGram	512.0	good	n/a
CP1	EEG	µV	0.0	256.0	ElectroEncephaloGram	512.0	good	n/a
CPz	EEG	µV	0.0	256.0	ElectroEncephaloGram	512.0	good	n/a
CP2	EEG	µV	0.0	256.0	ElectroEncephaloGram	512.0	good	n/a
CP4	EEG	µV	0.0	256.0	ElectroEncephaloGram	512.0	good	n/a
